﻿<?xml version="1.0"?>
<manifest identifier="LIM" version="1.1"
 xmlns="http://www.imsproject.org/xsd/imscp_rootv1p1p2" 
 xmlns:adlcp="http://www.adlnet.org/xsd/adlcp_rootv1p2"
 xmlns:xsi="http://www.w3.org/2001/XMLSchema-instance" 
 xsi:schemaLocation="http://www.imsproject.org/xsd/imscp_rootv1p1p2     imscp_rootv1p1p2.xsd 
 http://www.adlnet.org/xsd/adlcp_rootv1p2 adlcp_rootv1p2.xsd">	
 <metadata>
 <schema>ADL SCORM</schema>
 <schemaversion>1.2</schemaversion>
  
 </metadata>
  <organizations default="TOC1">
    <organization identifier="TOC1">
      <title>LIM</title>
      <item identifier="ITEM1" identifierref="RESOURCE1">
        <title>ojos_como_platos</title>
      </item>
    </organization>
  </organizations>
  <resources>
       	<resource identifier="RESOURCE1" type="webcontent" adlcp:scormtype="sco" href="ojos_como_platos.html">
      <metadata>
        <schema>ADL SCORM</schema>
        <schemaversion>1.2</schemaversion>
      </metadata>
	 <file href="arcoiris.png" />
<file href="asombro.png" />
<file href="bravo.png" />
<file href="Diapositiva1.png" />
<file href="Diapositiva14.PNG" />
<file href="Diapositiva15.PNG" />
<file href="Diapositiva16.PNG" />
<file href="Diapositiva17.PNG" />
<file href="Diapositiva18.PNG" />
<file href="Diapositiva2.PNG" />
<file href="Diapositiva3.PNG" />
<file href="Diapositiva4.PNG" />
<file href="Diapositiva5.PNG" />
<file href="Diapositiva6.PNG" />
<file href="Diapositiva7.PNG" />
<file href="Diapositiva8.PNG" />
<file href="Diapositiva9.PNG" />
<file href="lo_mismo.png" />
<file href="mariposa.png" />
<file href="melancolica.png" />
<file href="ninno_plato.png" />
<file href="no_es.png" />
<file href="no_ess.png" />
<file href="ojos_abiertos.png" />
<file href="rico.png" />
<file href="risa.png" />
<file href="tarta.png" />
<file href="triste.png" />
<file href="Diapositiva17.PNG" />
<file href="ojos_como_platos.html" />
<file href="sclim/ad.png" />
<file href="sclim/am.png" />
<file href="sclim/at.png" />
<file href="sclim/av.mp3" />
<file href="sclim/av.ogg" />
<file href="sclim/ben.mp3" />
<file href="sclim/ben.ogg" />
<file href="sclim/c.png" />
<file href="sclim/in.png" />
<file href="sclim/l.png" />
<file href="sclim/lang.js" />
<file href="sclim/lim.css" />
<file href="sclim/limjs.js" />
<file href="sclim/mal.mp3" />
<file href="sclim/mal.ogg" />
<file href="sclim/p.png" />
<file href="sclim/pre.gif" />
<file href="ojos_como_platos.lim" />
<file href="scormlim.js" />
	
    </resource>
  </resources>
</manifest>
